predict_update with Particles;base;100;17930;22488;41231.1500;0.4349;1.0000
predict_update with Particles;base;200;35630;44888;81084.8518;0.4394;1.0000
predict_update with Particles;base;400;71030;89688;151954.8505;0.4674;1.0000
predict_update with Particles;base;800;141830;179288;301539.8006;0.4704;1.0000
predict_update with Particles;base;1600;283430;358488;623546.7930;0.4545;1.0000
predict_update with Particles;base;3200;566630;716888;1236807.2306;0.4581;1.0000
predict_update with Particles;base;6400;1133030;1433688;2429006.5044;0.4665;1.0000
predict_update with Particles;base;12800;2265830;2867288;4716373.9300;0.4804;1.0000
predict_update with Particles;fast;100;11230;4888;3642.5801;3.0830;11.3192
predict_update with Particles;fast;200;22230;9688;7074.6716;3.1422;11.4613
predict_update with Particles;fast;400;44230;19288;13228.1385;3.3436;11.4872
predict_update with Particles;fast;800;88230;38488;26080.2271;3.3830;11.5620
predict_update with Particles;fast;1600;176230;76888;49587.6592;3.5539;12.5746
predict_update with Particles;fast;3200;352230;153688;100183.8463;3.5158;12.3454
predict_update with Particles;fast;6400;704230;307288;198875.6933;3.5411;12.2137
predict_update with Particles;fast;12800;1408230;614488;382630.8576;3.6804;12.3262
